seed,method,pair_01,pair_02,pair_12,mean_dcor
0,ZCA,0.07950742561077817,0.0643343600809516,0.12436974706365017,0.08940384425179332
0,PCA,0.08296526205718868,0.10634189431470437,0.09897502005594148,0.09609405880927818
0,Cholesky,0.05435720500357936,0.05039201121580334,0.14093851647633995,0.08189591089857422
0,ZCA-cor,0.09196764975846787,0.06904461573077272,0.12106810544379447,0.09402679031101169
0,PCA-cor,0.10463141672377942,0.09745274150574108,0.06378693071990182,0.08862369631647411
1,ZCA,0.09032079181390892,0.06915700537210738,0.09763389404205879,0.08570389707602503
1,PCA,0.07160956651159411,0.07254458078374423,0.10221263150090534,0.0821222595987479
1,Cholesky,0.09826788332084954,0.0677715694772942,0.08372359835676298,0.08325435038496891
1,ZCA-cor,0.10847098862897153,0.06590330816806696,0.08685172216823125,0.08707533965508991
1,PCA-cor,0.06967673094297692,0.07785016767395754,0.10152811051449086,0.08301833637714177
2,ZCA,0.08753659747913238,0.06264826629506859,0.07517716885331914,0.07512067754250672
2,PCA,0.08775228943152939,0.0885996476770248,0.06676514833566348,0.08103902848140589
2,Cholesky,0.09638573889111016,0.07349207358880244,0.08316689347102965,0.08434823531698075
2,ZCA-cor,0.054332425076871166,0.05843326092541528,0.09170189417684611,0.06815586005971086
2,PCA-cor,0.08986216767638848,0.08784783925358103,0.07470116698209203,0.0841370579706872
3,ZCA,0.07896053965278128,0.07586542517579999,0.10958514962507367,0.08813703815121832
3,PCA,0.10643997094939459,0.08204925576152114,0.052931877665162656,0.0804737014586928
3,Cholesky,0.11383656421585395,0.06510018824393862,0.11302563051469068,0.09732079432482775
3,ZCA-cor,0.07571345791225027,0.0794210612077064,0.10966627186690159,0.08826693032895276
3,PCA-cor,0.11380502547982216,0.06803377559430088,0.07882656795804517,0.08688845634405606
4,ZCA,0.07713669222483426,0.10011895167547016,0.0735303329407669,0.08359532561369043
4,PCA,0.05468028808202759,0.05971656715207272,0.12306000812855496,0.07915228778755175
4,Cholesky,0.11743477102874314,0.05942901215104703,0.05323595918085834,0.07669991412021616
4,ZCA-cor,0.07300680961163604,0.10795971591644997,0.0664392420500116,0.08246858919269921
4,PCA-cor,0.048322063156481694,0.060774830243899965,0.11246328053521447,0.07385339131186537
5,ZCA,0.0722420582324019,0.11231441881224097,0.10891810324753948,0.0978248600973941
5,PCA,0.1513454633753397,0.06268810781282724,0.050209812856516704,0.08808112801489454
5,Cholesky,0.04472313975250535,0.15122564189481402,0.05076114502224447,0.08223664222318795
5,ZCA-cor,0.07368224120764529,0.10888596749399056,0.11043257316475445,0.09766692728879676
5,PCA-cor,0.151631807014618,0.06535280770949356,0.06544959105848838,0.09414473526086664
6,ZCA,0.06722732468222484,0.08203753275168889,0.09510548228174222,0.08145677990521864
6,PCA,0.08542810222628372,0.0800282429602114,0.107560834237098,0.09100572647453103
6,Cholesky,0.07761146374809269,0.0592124860473392,0.09881725649309932,0.07854706876284373
6,ZCA-cor,0.06817628013261355,0.07749199665672092,0.09850946685774109,0.08139258121569186
6,PCA-cor,0.11345446174228005,0.11047479809437037,0.06181960287196725,0.09524962090287255
7,ZCA,0.07734016476809409,0.08883336542265051,0.08825257005243592,0.08480870008106017
7,PCA,0.09236608634438993,0.0719357750471942,0.09283937543159501,0.08571374560772638
7,Cholesky,0.05079490256481008,0.09054287825819969,0.0926454321808306,0.07799440433461345
7,ZCA-cor,0.07252212323288788,0.0927257022801567,0.0610276523740245,0.07542515929568969
7,PCA-cor,0.0900178398967779,0.08551239473726942,0.08838279319622813,0.0879710092767585
8,ZCA,0.14122902711705784,0.060392887757357634,0.06191265162078749,0.08784485549840099
8,PCA,0.05921528216559215,0.07673915554369282,0.13972448993014755,0.09189297587981084
8,Cholesky,0.1055984192394554,0.057754037411947186,0.06717479860613519,0.07684241841917926
8,ZCA-cor,0.13493989832801745,0.06438643863384332,0.056808901582647925,0.08537841284816956
8,PCA-cor,0.09715892667658256,0.07446733388607749,0.11357100398320849,0.09506575484862285
9,ZCA,0.07760921796731676,0.07411674803552429,0.06978007776792693,0.07383534792358933
9,PCA,0.05986619153330791,0.11029618094487138,0.09242776734808825,0.08753004660875585
9,Cholesky,0.06458371328876457,0.0805318135840796,0.10338429793121938,0.08283327493468785
9,ZCA-cor,0.07738580127461711,0.0747962517152118,0.06649709797132972,0.0728930503203862
9,PCA-cor,0.05995516728034271,0.10947140520080968,0.09256573806035318,0.08733077018050185
10,ZCA,0.07087305190323988,0.12407668070236474,0.07687340820764185,0.09060771360441548
10,PCA,0.09685699460107594,0.06825849286353969,0.11924304272150141,0.09478617672870567
10,Cholesky,0.05481323383217714,0.11738040034298779,0.055678335387227225,0.07595732318746405
10,ZCA-cor,0.0720236840889715,0.12218915426284194,0.08058393687654522,0.09159892507611955
10,PCA-cor,0.0947612078103845,0.0688821403784011,0.11898558981705876,0.0942096460019481
11,ZCA,0.10591600966189009,0.05464488558665749,0.054375195087458875,0.0716453634453355
11,PCA,0.056404700131796694,0.10369090522462021,0.07120132314325275,0.07709897616655655
11,Cholesky,0.07246615798479049,0.06260362804376605,0.06322276757769357,0.06609751786875004
11,ZCA-cor,0.1013195570946542,0.054181020080515764,0.04965866824761725,0.06838641514092907
11,PCA-cor,0.0541626390037575,0.08195901398361721,0.10195714094498022,0.07935959797745164
12,ZCA,0.1029172387392679,0.04910051697112101,0.061059762912327065,0.07102583954090533
12,PCA,0.10855267634764222,0.043778182848112614,0.0482737580072926,0.06686820573434915
12,Cholesky,0.09545614284481024,0.06667032183891874,0.05720797099813962,0.07311147856062288
12,ZCA-cor,0.098771842266841,0.046174448254824085,0.07216826027916712,0.07237151693361073
12,PCA-cor,0.0783920877793009,0.053083685996711275,0.04456747910280778,0.05868108429293998
13,ZCA,0.0751311671677814,0.11239233241082479,0.14476072449791696,0.11076140802550771
13,PCA,0.12986610558703027,0.09127066865753948,0.1352628123897735,0.11879986221144774
13,Cholesky,0.08871539124477837,0.08750298614456092,0.16006203926012422,0.11209347221648784
13,ZCA-cor,0.05166798842313829,0.07773225814914389,0.14528451669483117,0.09156158775570444
13,PCA-cor,0.11735660412508105,0.11551967237164674,0.08399435703463982,0.10562354451045587
14,ZCA,0.08871682266078516,0.10589671799858412,0.05818339702914031,0.08426564589616986
14,PCA,0.07879888692081828,0.09851122670689239,0.08916634704602298,0.08882548689124455
14,Cholesky,0.06832635345426924,0.10416625493066861,0.04398710918737693,0.07215990585743826
14,ZCA-cor,0.06984377325888948,0.1083172268778287,0.06503563492861796,0.0810655450217787
14,PCA-cor,0.05833842120724487,0.09457554912505482,0.1061565618436575,0.0863568440586524
15,ZCA,0.09718954447010955,0.06923212711069504,0.09011691735537927,0.08551286297872795
15,PCA,0.06582581522768081,0.12636306274896256,0.05991567276171608,0.08403485024611983
15,Cholesky,0.08564594304103505,0.07143315256760815,0.09923104690706935,0.08543671417190418
15,ZCA-cor,0.09885100351969983,0.07706364455709877,0.08456103324414545,0.08682522710698136
15,PCA-cor,0.11589829589230244,0.06539470289439558,0.07383807648392483,0.08504369175687428
16,ZCA,0.09543405398198941,0.06791964886859682,0.06582646992074127,0.07639339092377584
16,PCA,0.06778364785070956,0.10363310054410503,0.08040197859213981,0.08393957566231813
16,Cholesky,0.10925483786859597,0.04679743080126877,0.05987060972979863,0.07197429279988779
16,ZCA-cor,0.10366084614689455,0.06567794327295978,0.0483741769650998,0.0725709887949847
16,PCA-cor,0.04489284033498771,0.08565006458792039,0.08587722013256713,0.0721400416851584
17,ZCA,0.0794176467083964,0.07930120745779679,0.09216025492286621,0.08362636969635313
17,PCA,0.07312118560308507,0.09782959827989775,0.08528913417216616,0.085413306018383
17,Cholesky,0.0519704088884519,0.05441334066402785,0.14188523987304255,0.08275632980850743
17,ZCA-cor,0.06794810681574157,0.08338802958610013,0.10209276060467254,0.0844762990021714
17,PCA-cor,0.0932010219033119,0.0768500854484233,0.08732935437938498,0.08579348724370672
18,ZCA,0.08517019391621769,0.07966183999448968,0.12577230749769486,0.09686811380280075
18,PCA,0.05799091101792852,0.09336153766403257,0.11806146515162404,0.08980463794452838
18,Cholesky,0.11392908677529408,0.0987603019910579,0.07868079126119604,0.097123393342516
18,ZCA-cor,0.10577868259488998,0.07693687064961977,0.11985001227261358,0.10085518850570778
18,PCA-cor,0.11194558078319627,0.04904687862883922,0.08685297800054752,0.08261514580419434
19,ZCA,0.09784084506218141,0.10892774516744172,0.05726024357386038,0.08800961126782784
19,PCA,0.075166700426329,0.09360280945982047,0.12219108975069554,0.096986866545615
19,Cholesky,0.11274461098300764,0.10227663257592746,0.08749117774092087,0.10083747376661865
19,ZCA-cor,0.10482627648090369,0.10168963249648165,0.059358075503090836,0.08862466149349206
19,PCA-cor,0.08125129047712584,0.09587196173570701,0.09668828208334249,0.09127051143205844
20,ZCA,0.09648098783242175,0.06872978200158644,0.07247824758912642,0.07922967247437819
20,PCA,0.08511174842545584,0.05442472440008501,0.09670342125958188,0.07874663136170758
20,Cholesky,0.07128907821747484,0.05873634586379211,0.05933148597173561,0.06311897001766752
20,ZCA-cor,0.09574632807015875,0.07068249677877043,0.07524739350256038,0.08055873945049652
20,PCA-cor,0.06965824025462186,0.06113952606341072,0.09899723660689112,0.07659833430830791
21,ZCA,0.06618711843286822,0.1521534087995612,0.0691473121963587,0.09582927980959603
21,PCA,0.07463308859833025,0.1512039999053249,0.07912209841219271,0.10165306230528261
21,Cholesky,0.06765957666575753,0.12164523327918546,0.07548406004242307,0.08826295666245536
21,ZCA-cor,0.06355729369214118,0.15100057080668416,0.06758919307624396,0.09404901919168977
21,PCA-cor,0.11827837665636665,0.07092523163882085,0.05464965438584513,0.08128442089367754
22,ZCA,0.10856907377325016,0.09498411792331252,0.09362440603495079,0.09905919924383781
22,PCA,0.12915159585417677,0.09380024924934217,0.05493493428285627,0.09262892646212507
22,Cholesky,0.06531902269816789,0.08937363049667417,0.1292161406386542,0.09463626461116541
22,ZCA-cor,0.08542642008103284,0.09650566978391469,0.09089754340619781,0.09094321109038178
22,PCA-cor,0.12930954232343203,0.09387003956881729,0.05490470567198181,0.09269476252141039
23,ZCA,0.07883714725015578,0.10670727535025616,0.08602216374348019,0.09052219544796404
23,PCA,0.10165157808437016,0.10533732522819748,0.06024102395482194,0.0890766424224632
23,Cholesky,0.0885734007635472,0.11422427892208982,0.0862153196743714,0.09633766645333613
23,ZCA-cor,0.0786398697161863,0.1056442293926018,0.08426054039367221,0.08951487983415345
23,PCA-cor,0.08545916677072275,0.0747940540197287,0.09567707057636857,0.08531009712227333
24,ZCA,0.09566084951841142,0.07277561139054622,0.06941287264570185,0.0792831111848865
24,PCA,0.06123857980844627,0.047695342110269406,0.08923610491671968,0.06605667561181179
24,Cholesky,0.085485613368525,0.050904012674906705,0.07772807601279534,0.07137256735207569
24,ZCA-cor,0.09725886056074046,0.06417858044695174,0.08889524756524025,0.08344422952431081
24,PCA-cor,0.05457300055973281,0.060124678499894404,0.111875926888721,0.07552453531611607
25,ZCA,0.1198037898240555,0.07045111679086592,0.1147141225848227,0.10165634306658138
25,PCA,0.0997715466933741,0.06116958091683428,0.11216373808351593,0.09103495523124143
25,Cholesky,0.09804435205973283,0.07984219942819182,0.13030818105838593,0.10273157751543686
25,ZCA-cor,0.11967740215055797,0.06514784368897696,0.12287758204594844,0.10256760929516112
25,PCA-cor,0.10511888960537327,0.06711825682126299,0.10881425923883468,0.0936838018884903
26,ZCA,0.052183399010651256,0.12231784122211017,0.08457188109243506,0.08635770710839884
26,PCA,0.10750058627021133,0.09797769749223928,0.09585279580843031,0.10044369319029363
26,Cholesky,0.07153020544606586,0.11595265497291497,0.10529459853168237,0.09759248631688773
26,ZCA-cor,0.05962674995751085,0.11653457369643902,0.0719083170817194,0.0826898802452231
26,PCA-cor,0.10650430160281535,0.08976572844919334,0.053792945792914916,0.0833543252816412
27,ZCA,0.0834394452535986,0.08604409569388324,0.08340817489671401,0.08429723861473197
27,PCA,0.06768262169825676,0.11921716755170328,0.09345860733390654,0.09345279886128886
27,Cholesky,0.051490194051992365,0.08121827917997948,0.11688169097270516,0.083196721401559
27,ZCA-cor,0.11604262061990328,0.08348080050817012,0.0633517929896794,0.08762507137258428
27,PCA-cor,0.11646817459686393,0.08351641215960993,0.06492169865130756,0.08830209513592713
28,ZCA,0.06526409959938559,0.08157072389360145,0.07615862867193933,0.07433115072164213
28,PCA,0.06273548117197834,0.05313334088640954,0.10089991289390549,0.07225624498409779
28,Cholesky,0.049552312209434464,0.07566246587511005,0.08730319555500425,0.07083932454651626
28,ZCA-cor,0.07311418133223445,0.0784993701891501,0.07640641455957735,0.07600665536032064
28,PCA-cor,0.06262468130093783,0.07436820829066569,0.09175085721571488,0.07624791560243947
29,ZCA,0.04804472194882585,0.13256112440868936,0.06405583590517826,0.08155389408756449
29,PCA,0.12783444240953132,0.05194484019358534,0.09394616745975067,0.09124181668762243
29,Cholesky,0.04573924822872962,0.1166184138520846,0.06422865037617378,0.075528770818996
29,ZCA-cor,0.04761170131861177,0.13221652086683772,0.06430074895043555,0.08137632371196167
29,PCA-cor,0.11718324763846526,0.06354221644902235,0.09293170340775969,0.0912190558317491
30,ZCA,0.09848819504281178,0.09650508083102399,0.07428584583742581,0.08975970723708719
30,PCA,0.05598606455807542,0.1153254584191156,0.0768913368116337,0.08273428659627491
30,Cholesky,0.06634612570828931,0.07471738992962924,0.09585444535196833,0.07897265366329563
30,ZCA-cor,0.10251250206682164,0.10429538860238406,0.06264968614846836,0.08981919227255801
30,PCA-cor,0.0512279514559754,0.08864393533032963,0.09486478168691433,0.07824555615773977
31,ZCA,0.12171766401073279,0.05608146747467691,0.07885818670837165,0.08555243939792712
31,PCA,0.07463286211999695,0.07455565396169905,0.12480070732196555,0.09132974113455385
31,Cholesky,0.07253098990183685,0.05640872678350249,0.08564983586206681,0.07152985084913538
31,ZCA-cor,0.10757429590267939,0.06655617185246716,0.08991123034049898,0.08801389936521518
31,PCA-cor,0.07532383329455691,0.07263404864289306,0.12620024751592757,0.09138604315112585
32,ZCA,0.06984230804573122,0.059298449783261126,0.09115574371908187,0.07343216718269141
32,PCA,0.11821641708207849,0.05067709627221688,0.06463552033495519,0.07784301122975018
32,Cholesky,0.06941441060232113,0.09920929516722356,0.07434456086653318,0.08098942221202596
32,ZCA-cor,0.06002063526661311,0.08233271912283859,0.09464820030651075,0.07900051823198748
32,PCA-cor,0.09189278693822776,0.06334273978955754,0.07451251532644602,0.07658268068474378
33,ZCA,0.05577621936794675,0.12114076432083346,0.0870900570376038,0.08800234690879466
33,PCA,0.06389636591970886,0.08837493420719096,0.11219962789051942,0.08815697600580641
33,Cholesky,0.051624554555342914,0.10279761626808938,0.09268022043414872,0.082367463752527
33,ZCA-cor,0.05683383964642138,0.1164156198959995,0.08424325319108339,0.08583090424450142
33,PCA-cor,0.06727922979363314,0.07207391733937248,0.10548984909247865,0.08161433207516143
34,ZCA,0.054494557365612636,0.05556727515277899,0.12125988024238495,0.07710723758692552
34,PCA,0.08895804695480926,0.1023202210663882,0.0960712153836315,0.09578316113494299
34,Cholesky,0.0609261306048063,0.1208882512852928,0.09665070900043961,0.0928216969635129
34,ZCA-cor,0.05992293749007408,0.058797067993026246,0.12125658746364912,0.07999219764891648
34,PCA-cor,0.07758368701556281,0.07676098947629344,0.11628877871720443,0.09021115173635356
35,ZCA,0.08199448003607088,0.09588669262890988,0.09831953357321974,0.09206690207940016
35,PCA,0.0672073178674066,0.07827484543724238,0.11926505419474229,0.08824907249979708
35,Cholesky,0.11153836044207939,0.07816421978050993,0.08233022214602065,0.09067760078953664
35,ZCA-cor,0.06174530906353621,0.0995698069465782,0.09138964829238741,0.08423492143416728
35,PCA-cor,0.06494938914638014,0.07566890857262928,0.12020955185408144,0.08694261652436362
36,ZCA,0.08239475537813955,0.06337099417435582,0.12673149223095231,0.0908324139278159
36,PCA,0.11928359965906235,0.07144310911002157,0.05312465247908683,0.08128378708272359
36,Cholesky,0.06876874763279635,0.09883825229295377,0.0866363653053888,0.08474778841037965
36,ZCA-cor,0.08985186838131042,0.057353242681133315,0.13080636616099206,0.09267049240781193
36,PCA-cor,0.12476088918671485,0.06746361561261782,0.05650760700780312,0.08291070393571193
37,ZCA,0.10345630740847493,0.0631798896064628,0.07384628563815235,0.08016082755103003
37,PCA,0.07310140709618836,0.05339459131101986,0.10852818288184676,0.07834139376301832
37,Cholesky,0.08784684698506066,0.11141810036565505,0.06945236802661985,0.08957243845911185
37,ZCA-cor,0.1122082113110457,0.07544053418979643,0.06147478701075692,0.08304117750386636
37,PCA-cor,0.04634149385844492,0.06012426766546271,0.08615247757091339,0.06420607969827367
38,ZCA,0.08041384258790042,0.09784509558780723,0.10877772735406278,0.09567888850992347
38,PCA,0.0836181302925528,0.13037471108497273,0.07594293625737374,0.09664525921163308
38,Cholesky,0.08725268352583078,0.13290892731668247,0.07241886415679517,0.09752682499976946
38,ZCA-cor,0.08193550273842003,0.07526210816594035,0.11446327819004387,0.09055362969813474
38,PCA-cor,0.08771140107940521,0.12731509281097667,0.07213150563455235,0.09571933317497806
39,ZCA,0.06907692064696978,0.08466869540592487,0.06272601862664803,0.07215721155984757
39,PCA,0.10229136831838437,0.054488008819282834,0.0866264886569885,0.08113528859821857
39,Cholesky,0.08700766535872959,0.06692808046564759,0.07266734261415188,0.07553436281284302
39,ZCA-cor,0.11609901139970129,0.08452070393325554,0.05162219172513801,0.08408063568603162
39,PCA-cor,0.08180655977993226,0.1028283153149776,0.06618417902086253,0.08360635137192413
40,ZCA,0.11028505795477846,0.06851066493692808,0.08429610580330626,0.08769727623167094
40,PCA,0.058410954152347684,0.09989023749033975,0.09951370044638462,0.08593829736302401
40,Cholesky,0.06566078150980689,0.0897921683852669,0.10153350848458467,0.0856621527932195
40,ZCA-cor,0.11052212666233291,0.06940364523997335,0.08344328659099114,0.08778968616443246
40,PCA-cor,0.05880509715419209,0.10247510354672953,0.09589909714237518,0.08572643261443229
41,ZCA,0.12188832519725368,0.06216715361171471,0.052847719160034876,0.07896773265633443
41,PCA,0.11337232562286109,0.06181576458247215,0.08923766601514513,0.08814191874015946
41,Cholesky,0.06385040238641809,0.09009560318082344,0.05576504472344753,0.0699036834302297
41,ZCA-cor,0.11342549345234575,0.07254144534821169,0.05150596910213675,0.07915763596756473
41,PCA-cor,0.07655196676068336,0.09274618285872363,0.10709414062616593,0.09213076341519096
42,ZCA,0.10493939721418254,0.05455277532517255,0.10192757592227628,0.08713991615387713
42,PCA,0.0869121090614772,0.06722862677225183,0.111028260553738,0.08838966546248901
42,Cholesky,0.11191395022558902,0.06575560062301822,0.07512749619460572,0.08426568234773767
42,ZCA-cor,0.11038782590761455,0.05189620801640953,0.10050156387217558,0.08759519926539988
42,PCA-cor,0.09254071659865494,0.06717532471971835,0.10843351386960687,0.08938318506266006
43,ZCA,0.062335048997912305,0.06477425271188617,0.12273094644076958,0.08328008271685601
43,PCA,0.0674830709635948,0.07521520061312752,0.046083073545959884,0.06292711504089407
43,Cholesky,0.10778247577927116,0.05400402139695446,0.06617674184605853,0.07598774634076139
43,ZCA-cor,0.08101283360838395,0.062262686987992706,0.0890078152088779,0.07742777860175153
43,PCA-cor,0.07019847574308442,0.05521265750379371,0.11205852595604734,0.07915655306764183
44,ZCA,0.09409911417806943,0.06229409610121859,0.1041098577782807,0.08683435601918958
44,PCA,0.06595114682161504,0.1068367760533072,0.09583020475859254,0.08953937587783826
44,Cholesky,0.10285380562986587,0.0682328607488373,0.08870271074387394,0.08659645904085904
44,ZCA-cor,0.08381930875475736,0.07334709229367235,0.10519829424715255,0.08745489843186076
44,PCA-cor,0.060427507552529146,0.09667408956672373,0.09757126859302194,0.08489095523742494
45,ZCA,0.08805478298477788,0.08841553647511957,0.053538601780072505,0.07666964041332332
45,PCA,0.09236282576421578,0.06588516022629289,0.0851040354410303,0.08111734047717965
45,Cholesky,0.05323218390274207,0.0715564393755116,0.0931281204416532,0.07263891457330228
45,ZCA-cor,0.07078204578676321,0.08681763810873887,0.07377634648772853,0.07712534346107687
45,PCA-cor,0.06714246845459827,0.0961135217095091,0.08442185853976569,0.08255928290129101
46,ZCA,0.06679947797756869,0.08365784622157825,0.09268931100629751,0.08104887840181481
46,PCA,0.07218648321207126,0.0852896018941256,0.0664767549015142,0.07465094666923702
46,Cholesky,0.045884582531222504,0.09848724743336097,0.08341241567244818,0.07592808187901055
46,ZCA-cor,0.07168968449274928,0.09422552020045112,0.08740135414956322,0.08443885294758786
46,PCA-cor,0.08919640503798561,0.09770899650418409,0.06210632509002389,0.08300390887739786
47,ZCA,0.058663666086253716,0.12246227125089869,0.07604256374480864,0.08572283369398702
47,PCA,0.10455625024144811,0.0666702000301689,0.0647526784680947,0.07865970957990391
47,Cholesky,0.07630973698172061,0.1146630321523777,0.06986027949818135,0.08694434954409323
47,ZCA-cor,0.06262416343827668,0.12242853704445775,0.06492735703337862,0.08332668583870435
47,PCA-cor,0.07054744915587584,0.09339330391076874,0.11172436548486682,0.09188837285050379
48,ZCA,0.06492763082440943,0.07142042077667322,0.0768623899624892,0.07107014718785729
48,PCA,0.06120925698394339,0.08888718519767208,0.09048207298922145,0.08019283839027898
48,Cholesky,0.07715217200901243,0.08976671977015742,0.05560813118583838,0.07417567432166941
48,ZCA-cor,0.06079666305127816,0.06118902217421913,0.08304148521328625,0.06834239014626119
48,PCA-cor,0.09296601187229689,0.0699422954823642,0.0923191860938571,0.08507583114950606
49,ZCA,0.08433017004743941,0.09111638745389766,0.07615698047485314,0.08386784599206341
49,PCA,0.050427203964039595,0.11186166418489542,0.05320961393451911,0.07183282736115137
49,Cholesky,0.10074820851733597,0.09662508161904709,0.0667117528084439,0.08802834764827565
49,ZCA-cor,0.08067445654893639,0.10168828542550888,0.06988639916454815,0.08408304704633114
49,PCA-cor,0.08214347374114417,0.09716937826234985,0.04930681505644092,0.07620655568664497
50,ZCA,0.06580877976104786,0.08684241153303773,0.08047676412598864,0.07770931847335809
50,PCA,0.06182577847169799,0.08556308921379698,0.08365005552435911,0.0770129744032847
50,Cholesky,0.05517012120750334,0.11369930518204113,0.05809420755865084,0.07565454464939843
50,ZCA-cor,0.06462560088289744,0.10418408929787894,0.07875269876722789,0.08252079631600141
50,PCA-cor,0.05937111777331304,0.10398854178111884,0.05432816395910866,0.07256260783784685
51,ZCA,0.061705396456569334,0.09188321835826102,0.08560646109780189,0.07973169197087741
51,PCA,0.0579006524213422,0.057620211284551436,0.09919837825711976,0.0715730806543378
51,Cholesky,0.08598094413508973,0.06909650647956693,0.05999962177689409,0.07169235746385025
51,ZCA-cor,0.0626779654284646,0.09244677951279498,0.08377649378255707,0.07963374624127222
51,PCA-cor,0.058586132980594535,0.05685898040188751,0.08671023690122935,0.06738511676123714
52,ZCA,0.05351381708486182,0.10688946449496464,0.08927387959773761,0.08322572039252137
52,PCA,0.06534030597688889,0.043879837609680894,0.08873403813476564,0.06598472724044514
52,Cholesky,0.11356647982312498,0.07907797886956716,0.06299862849543131,0.08521436239604115
52,ZCA-cor,0.07042289503933441,0.10142391848324891,0.07137999934310175,0.0810756042885617
52,PCA-cor,0.05179801129742943,0.067222236407132,0.13382305493210944,0.08428110087889029
53,ZCA,0.11161311892672887,0.07659278519905222,0.09424109709930885,0.09414900040836331
53,PCA,0.08745528475028196,0.10692297678080932,0.055276555969368354,0.08321827250015322
53,Cholesky,0.06670138721337883,0.09947220017292277,0.054177718002838916,0.07345043512971351
53,ZCA-cor,0.11346319110463976,0.09460622914921793,0.07861862643372852,0.0955626822291954
53,PCA-cor,0.06337261950095689,0.07082001159991262,0.0566828795963708,0.06362517023241344
54,ZCA,0.04816990966065879,0.065183088572345,0.10064223726038776,0.07133174516446385
54,PCA,0.10328380009474684,0.06904120301881761,0.058679103818364574,0.07700136897730968
54,Cholesky,0.05163076600178543,0.08977891627754515,0.08524439095824327,0.07555135774585796
54,ZCA-cor,0.04940302878189558,0.06880242062536797,0.09570153627614884,0.07130232856113745
54,PCA-cor,0.0941553876052974,0.0787630281575506,0.0882439042158984,0.08705410665958213
55,ZCA,0.09023349465198649,0.07202338314184047,0.09608139647065232,0.08611275808815977
55,PCA,0.07484508587624193,0.08763907852211804,0.09579416047881174,0.08609277495905725
55,Cholesky,0.07808104887334415,0.10970515837179812,0.05778831226424659,0.08185817316979628
55,ZCA-cor,0.08299307588852056,0.08035672104098739,0.09760954923575829,0.08698644872175543
55,PCA-cor,0.05194495619692134,0.07445812322141053,0.11981650284862455,0.08207319408898547
56,ZCA,0.06331834148507852,0.14408750623802155,0.08366624464776487,0.09702403079028832
56,PCA,0.06136711428413204,0.1026818607599168,0.0653808037106914,0.07647659291824675
56,Cholesky,0.0825672009093213,0.11472230477224558,0.0710713195096323,0.0894536083970664
56,ZCA-cor,0.06275034243145326,0.14775020615384554,0.08137860360768623,0.09729305073099502
56,PCA-cor,0.11901090518187385,0.0472302365314325,0.08000068644001584,0.08208060938444073
57,ZCA,0.07140883098098721,0.10787679910582294,0.060599775953336814,0.07996180201338232
57,PCA,0.09474546396151858,0.07606053801035731,0.0779231984220726,0.0829097334646495
57,Cholesky,0.07355277375793713,0.09918871266431824,0.07685167553431534,0.08319772065219024
57,ZCA-cor,0.07048637627279279,0.12100342717166114,0.0438734610796982,0.07845442150805071
57,PCA-cor,0.08685556096262423,0.08358258946590173,0.0870980954344962,0.08584541528767405
58,ZCA,0.13436759778670998,0.0547692788414822,0.08347477807946055,0.09087055156921757
58,PCA,0.06525710257915135,0.07290339876742277,0.05594349136607485,0.06470133090421633
58,Cholesky,0.0890744475421981,0.07577109372048614,0.06716494075193839,0.07733682733820756
58,ZCA-cor,0.13037604328181127,0.06827869237381506,0.08622871434663998,0.09496115000075545
58,PCA-cor,0.05247266148301069,0.07004902203094476,0.14680461442670378,0.08977543264688641
59,ZCA,0.09104341345025332,0.10899484397267065,0.0775312136614252,0.09252315702811638
59,PCA,0.08654927499318005,0.07675850882933381,0.10171331807731915,0.08834036729994434
59,Cholesky,0.10231691397524016,0.10062691239697154,0.07261274740178247,0.09185219125799805
59,ZCA-cor,0.09347875549585133,0.10150246437695666,0.08124699379132222,0.09207607122137673
59,PCA-cor,0.08400724335380054,0.07069094419478797,0.1045353748346056,0.08641118746106469
60,ZCA,0.06007239081033009,0.09352260974358755,0.10130710205040819,0.08496736753477528
60,PCA,0.09586899052584308,0.05116749507648674,0.10327305028779621,0.08343651196337536
60,Cholesky,0.055276127580110315,0.09437486978008199,0.1312586517582778,0.0936365497061567
60,ZCA-cor,0.06360199117435392,0.09207771457947297,0.09632141071055857,0.08400037215479515
60,PCA-cor,0.11842851972100726,0.06362070065828888,0.0851541615505255,0.08906779397660723
61,ZCA,0.0767488566813022,0.1200211757357011,0.050787592321093124,0.08251920824603214
61,PCA,0.07465622543139619,0.11821619244563292,0.05018272304343121,0.08101838030682011
61,Cholesky,0.06247138897306447,0.08466431342363735,0.09500860372821117,0.08071476870830434
61,ZCA-cor,0.061564660024225164,0.13404116877130393,0.053988769250111694,0.08319819934854693
61,PCA-cor,0.07708181878168734,0.11603453333412006,0.053117856785832085,0.08207806963387983
62,ZCA,0.0771551921341653,0.0871237795120157,0.05160985117839314,0.07196294094152471
62,PCA,0.08601691639503085,0.0981235081458505,0.07883225420288627,0.08765755958125587
62,Cholesky,0.05417101949100045,0.0543663152081702,0.11247987532338147,0.0736724033408507
62,ZCA-cor,0.06474973751968655,0.06353380431834289,0.0631220326290072,0.06380185815567888
62,PCA-cor,0.08343170314500227,0.09761044580553024,0.07386599189655915,0.0849693802823639
63,ZCA,0.0635613096195629,0.07470703148020036,0.12226169377018811,0.08684334495665047
63,PCA,0.07416161513842594,0.0861201244564435,0.08347925740357579,0.0812536656661484
63,Cholesky,0.07737188900122648,0.07316472553298242,0.08521779417876431,0.0785848029043244
63,ZCA-cor,0.057726162685729596,0.07173975231673321,0.12795731046278114,0.08580774182174798
63,PCA-cor,0.05201456904387223,0.09705438789432294,0.09563227801652256,0.08156707831823924
64,ZCA,0.10836863073170999,0.09145255995544428,0.05456903568038887,0.08479674212251438
64,PCA,0.06650150979800741,0.10062182576352278,0.08581500475172696,0.08431278010441905
64,Cholesky,0.09495076385044535,0.09082591446478275,0.06304959015402954,0.08294208948975255
64,ZCA-cor,0.10866841309172584,0.09317564461624986,0.05471615640612362,0.08552007137136645
64,PCA-cor,0.0898508130464863,0.10893731716332002,0.07484720868360756,0.09121177963113795
65,ZCA,0.08600929942781202,0.08581747530152219,0.08946173209772207,0.0870961689423521
65,PCA,0.13552248798407446,0.0479164474391485,0.07098380226054277,0.08480757922792191
65,Cholesky,0.06586893352623603,0.046184669010036275,0.1297617149122455,0.0806051058161726
65,ZCA-cor,0.08294927132293843,0.08015283792102436,0.10208695915113059,0.08839635613169779
65,PCA-cor,0.14448481353274178,0.04963732140333534,0.057930629760947455,0.08401758823234153
66,ZCA,0.13645759719000378,0.0527040266488577,0.07874725505113613,0.08930295962999919
66,PCA,0.12101263879390359,0.07116802178476088,0.09178469555995344,0.09465511871287263
66,Cholesky,0.07201044520017812,0.07878496394813497,0.1265426158998656,0.09244600834939289
66,ZCA-cor,0.13748437690172988,0.051457383343830466,0.06860600870258596,0.08584925631604877
66,PCA-cor,0.1314612514317297,0.06152769209699562,0.08900145296905679,0.09399679883259404
67,ZCA,0.07773698968688487,0.08446030133057554,0.09774950681098933,0.08664893260948325
67,PCA,0.06584188431619718,0.10748125097105078,0.07891220430122588,0.08407844652949127
67,Cholesky,0.06141878971192291,0.08345449412262551,0.11396899077035844,0.08628075820163561
67,ZCA-cor,0.07745798386249077,0.0846629653032561,0.09793812307320396,0.08668635741298363
67,PCA-cor,0.06334928532242516,0.10620688146268535,0.08034434214972987,0.0833001696449468
68,ZCA,0.08437723765872474,0.05026801627752339,0.07626036986350766,0.0703018745999186
68,PCA,0.0937165563705899,0.05165066333465643,0.10929444784846795,0.08488722251790476
68,Cholesky,0.07210480387398725,0.054900043059415427,0.06719548741412094,0.06473344478250788
68,ZCA-cor,0.0837363461288215,0.04927843343355495,0.07407619857456225,0.06903032604564624
68,PCA-cor,0.08109875176263169,0.06676266591361017,0.10058282165235877,0.08281474644286688
69,ZCA,0.04920964271883651,0.08883577406776469,0.07920614240920593,0.07241718639860238
69,PCA,0.09357616535715617,0.06759948128385092,0.07735337544810905,0.07950967402970538
69,Cholesky,0.07310794004680263,0.053510379230927295,0.10768424759965509,0.07810085562579501
69,ZCA-cor,0.04970959638603579,0.08947523068499187,0.0785531585238911,0.07257932853163958
69,PCA-cor,0.10560471100990843,0.05764789022330321,0.07628171659156105,0.07984477260825756
70,ZCA,0.06217265629557036,0.08799466885864526,0.10310232286046064,0.0844232160048921
70,PCA,0.07900997276232771,0.08822392997880708,0.11286792248288682,0.09336727507467386
70,Cholesky,0.0878568678992195,0.05859235543591605,0.1106168674751995,0.08568869693677834
70,ZCA-cor,0.06094838507286405,0.08829983958814051,0.10393248778992892,0.08439357081697783
70,PCA-cor,0.0955866453543518,0.07139540851395745,0.1060394646353154,0.09100717283454156
71,ZCA,0.12519633661441132,0.06724040109549954,0.0742298195879984,0.08888885243263643
71,PCA,0.11108803149571435,0.06544783694915135,0.06710018771724058,0.08121201872070209
71,Cholesky,0.129660497045122,0.06129339021840916,0.056809453867069225,0.0825877803768668
71,ZCA-cor,0.12562221290175818,0.06716754200447624,0.0683099831731306,0.087033246026455
71,PCA-cor,0.0716329343437774,0.07554852331023128,0.12108220974355709,0.08942122246585527
72,ZCA,0.05134652315249521,0.0588811128300644,0.12392408841145341,0.07805057479800434
72,PCA,0.08467165062528864,0.07754774821790576,0.047971632996893006,0.07006367728002914
72,Cholesky,0.06120406183207358,0.06546785891195098,0.0974419849838174,0.07470463524261399
72,ZCA-cor,0.0989359931751999,0.060729920441287145,0.04788392521150435,0.06918327960933046
72,PCA-cor,0.0703365634145173,0.06365181238601758,0.0952727857782531,0.07642038719292933
73,ZCA,0.04258841832325953,0.11647157446787959,0.0778183716554463,0.07895945481552848
73,PCA,0.13408789069940427,0.05692192001005372,0.05552951477592327,0.08217977516179376
73,Cholesky,0.058967701087127886,0.11726261651823552,0.05493367140878263,0.07705466300471535
73,ZCA-cor,0.051696989598578595,0.09389957614426606,0.09720978817911015,0.08093545130731827
73,PCA-cor,0.050474068957811424,0.09855659150422708,0.09639744042900153,0.08180936696368
74,ZCA,0.051367206892772625,0.09981531331279862,0.0914157981491619,0.08086610611824438
74,PCA,0.11529393644400848,0.049084742965099626,0.08313885181549371,0.08250584374153394
74,Cholesky,0.052345265231277804,0.09455266466827565,0.08950065546840626,0.07879952845598658
74,ZCA-cor,0.051924691167956435,0.09680671296472493,0.09127400681318425,0.08000180364862187
74,PCA-cor,0.08753733984147298,0.09915365082535414,0.08825931376219463,0.09165010147634058
75,ZCA,0.10244312331676518,0.07013857268747548,0.12170516115470513,0.09809561905298193
75,PCA,0.10956844789385732,0.08844820999211947,0.11233887350270705,0.10345184379622795
75,Cholesky,0.07497743954230178,0.06778314734487226,0.10267407141762748,0.08181155276826717
75,ZCA-cor,0.10317000741220614,0.08371286324568344,0.10990370241875727,0.09892885769221561
75,PCA-cor,0.10296944668962822,0.06469486384740031,0.10100467539283363,0.08955632864328739
76,ZCA,0.09341489193453087,0.04931185997937958,0.0603250768061564,0.06768394290668894
76,PCA,0.08332506011116013,0.05501870909687383,0.08445930020680255,0.07426768980494551
76,Cholesky,0.051313983391904176,0.05704630819886248,0.08959663708829722,0.06598564289302129
76,ZCA-cor,0.0957288487033752,0.051469980914806694,0.05778438155056486,0.06832773705624892
76,PCA-cor,0.0874614119411752,0.05650414878585541,0.08627305637248195,0.07674620569983752
77,ZCA,0.1004064331931007,0.049778759051454895,0.05340302556350455,0.06786273926935338
77,PCA,0.097041009932282,0.09392524443416396,0.05179201269178103,0.08091942235274233
77,Cholesky,0.0812200750475724,0.09138548402767763,0.049797106338427856,0.0741342218045593
77,ZCA-cor,0.10448909539606308,0.04452359824557275,0.05624832015203542,0.06842033793122375
77,PCA-cor,0.0529331099179142,0.10026080825182439,0.05469402179623932,0.06929597998865931
78,ZCA,0.06885748068776928,0.10881699954295262,0.07861763302350466,0.08543070441807553
78,PCA,0.08754609701412419,0.0614783473355605,0.08486871457897338,0.0779643863095527
78,Cholesky,0.07817805245245477,0.10547857738590054,0.07371497632988656,0.08579053538941395
78,ZCA-cor,0.0690710338118171,0.10793270805854419,0.0840278865904659,0.08701054282027572
78,PCA-cor,0.07476451376556273,0.06390173637015421,0.09048021580281418,0.0763821553128437
79,ZCA,0.09579973329215626,0.10524843406671969,0.09135552178294239,0.0974678963806061
79,PCA,0.056118523780616804,0.10772683734237258,0.05305395158747114,0.07229977090348684
79,Cholesky,0.0745897820951985,0.06581398300500033,0.05036124275009099,0.0635883359500966
79,ZCA-cor,0.09761493702951334,0.10604031415523667,0.08727944617628751,0.09697823245367916
79,PCA-cor,0.06306536520277728,0.09597862269542208,0.054943793521037176,0.07132926047307885
80,ZCA,0.09263092760635855,0.08061705829054862,0.12064615638951046,0.09796471409547254
80,PCA,0.0953477703169497,0.0462395989890094,0.13553694875686598,0.09237477268760837
80,Cholesky,0.11615481246065618,0.09218695524890592,0.05033277609357828,0.08622484793438012
80,ZCA-cor,0.07896249134788229,0.08174184607007191,0.12218166483321517,0.09429533408372313
80,PCA-cor,0.09574411196845936,0.04671442805990033,0.13582465379929654,0.09276106460921874
81,ZCA,0.13140500495646484,0.08328880706342942,0.10473145541285625,0.10647508914425018
81,PCA,0.10629313422825978,0.08009457192073424,0.09799131545148303,0.09479300720015903
81,Cholesky,0.1186068518570898,0.08546566706056904,0.11022307807391875,0.10476519899719254
81,ZCA-cor,0.13173137809535443,0.08295268566340441,0.10477441384352265,0.1064861592007605
81,PCA-cor,0.11606841905972243,0.0607849951881796,0.08294856710839599,0.08660066045209934
82,ZCA,0.07836965548223054,0.07602605025787518,0.09688057714108446,0.08375876096039674
82,PCA,0.0567220592665128,0.12435927573970032,0.09136279333959248,0.09081470944860187
82,Cholesky,0.12263715032130701,0.09152879855093357,0.10287362609715138,0.10567985832313065
82,ZCA-cor,0.05888983301810016,0.07489965168848632,0.10494299070256856,0.07957749180305168
82,PCA-cor,0.08371131645297139,0.1143169083524565,0.10880744640653944,0.10227855707065577
83,ZCA,0.05962905340206308,0.11002086494165832,0.08996289675110752,0.08653760503160964
83,PCA,0.11353184005027143,0.08181077165060902,0.10814517077369827,0.10116259415819291
83,Cholesky,0.10398377088679057,0.07537920028043647,0.1226621154011753,0.10067502885613411
83,ZCA-cor,0.049243892264779064,0.10434424051428949,0.09231566960734972,0.08196793412880608
83,PCA-cor,0.09192452394553506,0.08764219110720466,0.1080064598954581,0.0958577249827326
84,ZCA,0.06273807541508779,0.12910857526206518,0.08719184051114076,0.09301283039609791
84,PCA,0.059299715358372966,0.08225653120389934,0.13221476755702855,0.09125700470643361
84,Cholesky,0.08913615343500758,0.10670543958262248,0.06212285930641296,0.08598815077468101
84,ZCA-cor,0.04584654587853893,0.11977231780496242,0.08517545067829475,0.08359810478726537
84,PCA-cor,0.09813787747758859,0.0859787961433952,0.06986151666663448,0.08465939676253942
85,ZCA,0.07933723846299838,0.093444182354597,0.05384217361967716,0.07554119814575752
85,PCA,0.10590568721551147,0.07346702892971764,0.04598467598368441,0.07511913070963784
85,Cholesky,0.0612177274105807,0.06421499450457145,0.09504757027749897,0.0734934307308837
85,ZCA-cor,0.07385517127682516,0.09528419243585334,0.07061910641695385,0.07991949004321079
85,PCA-cor,0.09931982756354696,0.05052817555334677,0.09480637799178483,0.08155146036955951
86,ZCA,0.06708463060008829,0.0658615447659134,0.10047510936621333,0.07780709491073834
86,PCA,0.1295186205244202,0.06826153544606497,0.06329597767209874,0.0870253778808613
86,Cholesky,0.04979309792096654,0.11425613387715773,0.06697393760818852,0.07700772313543759
86,ZCA-cor,0.07861933942485626,0.05868595985590076,0.11783534922889072,0.08504688283654925
86,PCA-cor,0.09264031895035313,0.08045513167352122,0.09921477994622803,0.0907700768567008
87,ZCA,0.08731702703498269,0.09082644737583859,0.08602808635078314,0.08805718692053481
87,PCA,0.12503193876600305,0.06568898920043378,0.08311645760464711,0.09127912852369464
87,Cholesky,0.10053736870947702,0.058772428410036576,0.09454931451608269,0.08461970387853208
87,ZCA-cor,0.08387974176403541,0.09485974528227907,0.081238812777561,0.08665943327462516
87,PCA-cor,0.12181916210033406,0.06443068525997371,0.0877218223231264,0.09132388989447805
88,ZCA,0.046231517442928194,0.13062155220267677,0.07420573622119224,0.08368626862226573
88,PCA,0.07114258068191286,0.0739176707081186,0.1012615315626287,0.08210726098422005
88,Cholesky,0.06479095590406678,0.07169713451003795,0.079165943729273,0.07188467804779258
88,ZCA-cor,0.05059795876245016,0.13328080503597522,0.07240327059038029,0.08542734479626857
88,PCA-cor,0.06109795490507487,0.06451442698743536,0.09567681686874441,0.07376306625375155
89,ZCA,0.04789544046434851,0.09793001581346068,0.04257954920960783,0.06280166849580567
89,PCA,0.05534521436018386,0.10131335876922541,0.04919001484714351,0.06861619599218427
89,Cholesky,0.07059689599273451,0.09062788567598666,0.057196418883762465,0.07280706685082788
89,ZCA-cor,0.04572616705055409,0.09913768017063655,0.042001109207857344,0.06228831880968266
89,PCA-cor,0.05899167086734263,0.10318383246743602,0.048749946875152717,0.07030848340331046
90,ZCA,0.11351574690188886,0.06293216176700264,0.07096816241794567,0.08247202369561239
90,PCA,0.050360594920373945,0.10498007103156223,0.08676821628753383,0.08070296074649001
90,Cholesky,0.056896926223585484,0.08425149184840738,0.0832619369204555,0.07480345166414945
90,ZCA-cor,0.10992034359001902,0.07119168914795616,0.07414892206157372,0.08508698493318297
90,PCA-cor,0.05189720253386889,0.11192338831123318,0.08304363571914591,0.082288075521416
91,ZCA,0.1210688983298667,0.05721836984738418,0.07937994936161441,0.08588907251295509
91,PCA,0.11089903727676674,0.08951249252714,0.053304806255694344,0.08457211201986703
91,Cholesky,0.10640974802547698,0.06529470006630363,0.08869014038478992,0.08679819615885682
91,ZCA-cor,0.12050440828046177,0.05640899774816286,0.07998147655426979,0.08563162752763147
91,PCA-cor,0.05938679547706459,0.12816307138490732,0.07921465275459631,0.08892150653885607
92,ZCA,0.08731678029598064,0.11861881999309751,0.07142105332712642,0.09245221787206818
92,PCA,0.0620664139978311,0.12426208855889519,0.07264609056169243,0.08632486437280623
92,Cholesky,0.09070550738878543,0.12325960492395735,0.06139650352878769,0.09178720528051015
92,ZCA-cor,0.084058638605077,0.10465179896408132,0.08738647318520484,0.09203230358478771
92,PCA-cor,0.054819084251984354,0.09714530812935175,0.07435811195669259,0.0754408347793429
93,ZCA,0.10898643610148072,0.08362665456798052,0.05330333824005948,0.08197214296984025
93,PCA,0.11816248655988339,0.08620334655033227,0.0703409007983171,0.09156891130284427
93,Cholesky,0.09841465942430742,0.08470316759618704,0.0698479271188762,0.08432191804645689
93,ZCA-cor,0.1096892604326949,0.08525931198089248,0.05630259466324393,0.08375038902561044
93,PCA-cor,0.0977474276594561,0.04923855939816778,0.09961118348898894,0.08219905684887095
94,ZCA,0.08115398305245375,0.09803571207272785,0.06605516130697205,0.08174828547738455
94,PCA,0.08423371092982411,0.09918824824219737,0.06957906618680934,0.08433367511961028
94,Cholesky,0.07552684513368954,0.08118717069415508,0.09250251883915787,0.08307217822233416
94,ZCA-cor,0.09023775419323828,0.10017860306377287,0.06941166713706165,0.08660934146469094
94,PCA-cor,0.07342060497787249,0.09368842878230667,0.07824668522610538,0.08178523966209485
95,ZCA,0.08200841462728503,0.08978251038005611,0.054467294542942433,0.0754194065167612
95,PCA,0.10416973111629761,0.049426813518577514,0.10389795182265228,0.0858314988191758
95,Cholesky,0.08505759479938295,0.10583167556101529,0.0508120377547472,0.08056710270504848
95,ZCA-cor,0.04446788903275141,0.12305564536046953,0.046797164846777095,0.07144023307999935
95,PCA-cor,0.09057601607606694,0.05820747303272495,0.12023974669312548,0.08967441193397245
96,ZCA,0.09384812864272715,0.09233953387651966,0.132018048067444,0.1060685701955636
96,PCA,0.09112063575722132,0.10210299348508953,0.08446642430214212,0.09256335118148433
96,Cholesky,0.10838011744733156,0.08014348169127185,0.11431295084648603,0.10094551666169647
96,ZCA-cor,0.07410868995832295,0.11219735912475985,0.10847102151152166,0.09825902353153482
96,PCA-cor,0.0616866866814653,0.1108473265333054,0.11828120622446404,0.0969384064797449
97,ZCA,0.06341847921938651,0.043625057839562845,0.10789991498019795,0.07164781734638244
97,PCA,0.058857899426158995,0.12717685137686013,0.06551064721452744,0.08384846600584885
97,Cholesky,0.04821270946583891,0.11981692297396052,0.049258228240088395,0.07242928689329593
97,ZCA-cor,0.0489561742945245,0.043855803878625296,0.10470119664482105,0.06583772493932362
97,PCA-cor,0.07312129526092605,0.09638939447827005,0.06721784841118095,0.07890951271679235
98,ZCA,0.1419113808768555,0.062395240941688294,0.06730583263093148,0.09053748481649176
98,PCA,0.05951666838908957,0.12426934503625277,0.07544319330385474,0.08640973557639903
98,Cholesky,0.0897125136964835,0.06908983237324993,0.10187301768654208,0.08689178791875851
98,ZCA-cor,0.13895556671196277,0.05207502028217695,0.08371738199815597,0.09158265633076523
98,PCA-cor,0.08078794858948396,0.09817139561569202,0.08452738365424337,0.08782890928647312
99,ZCA,0.1439505045231184,0.0619325455760057,0.05029007877005295,0.08539104295639234
99,PCA,0.07167466911861507,0.07271100986922978,0.1227493667368623,0.08904501524156905
99,Cholesky,0.13688591439488398,0.061037035635924906,0.06166618472589922,0.08652971158556938
99,ZCA-cor,0.14272653971088717,0.06246800646552473,0.04861728876606776,0.08460394498082656
99,PCA-cor,0.07895195867841845,0.07236093159895146,0.11082234353283496,0.08737841127006829
